{"0.2697107542034829":{"user_id":1},"0.7134604834123959":{"user_id":1},"0.08827496109987965":{"user_id":4},"0.6992672667828477":{"user_id":1},"0.817824565071066":{"user_id":1},"0.27085173937044527":{"user_id":1},"0.6608031464369077":{"user_id":1},"0.10430764724059394":{"user_id":4},"0.1585260581013681":{"user_id":4},"0.7197504600768225":{"user_id":4}}