{"0.2697107542034829":{"user_id":1},"0.7134604834123959":{"user_id":1},"0.08827496109987965":{"user_id":4},"0.6992672667828477":{"user_id":1},"0.817824565071066":{"user_id":1},"0.27085173937044527":{"user_id":1},"0.6608031464369077":{"user_id":1},"0.10430764724059394":{"user_id":4},"0.1585260581013681":{"user_id":4},"0.7197504600768225":{"user_id":4},"0.618409239522385":{"user_id":1},"0.7575935714415627":{"user_id":1},"0.43090067949029076":{"user_id":1},"0.16992362102921743":{"user_id":1},"0.1681363870437531":{"user_id":1},"0.26907657769003523":{"user_id":1},"0.9882043322576415":{"user_id":1},"0.7626562060591744":{"user_id":1}}